{
    "1": [
        47.663019, 
        -122.303011, 
        "WAZE"
    ], 
    "2": [
        47.665737, 
        -122.303437, 
        "WAZE"
    ], 
    "3": [
        47.665724999999995, 
        -122.302128, 
        "WAZE"
    ], 
    "4": [
        47.665839, 
        -122.301943, 
        "WAZE"
    ], 
    "5": [
        47.666265094926686, 
        -122.30081020122343, 
        "WAZE"
    ], 
    "6": [
        47.6662803537856, 
        -122.30062879877666, 
        "WAZE"
    ], 
    "7": [
        47.66594331549367, 
        -122.30061530459261, 
        "WAZE"
    ], 
    "8": [
        47.66567603246302, 
        -122.30062728830998, 
        "WAZE"
    ], 
    "9": [
        47.66553870557634, 
        -122.30066245979397, 
        "WAZE"
    ], 
    "10": [
        47.66492872783888, 
        -122.3008186831612, 
        "WAZE"
    ], 
    "11": [
        47.66484129038087, 
        -122.30084107690121, 
        "WAZE"
    ], 
    "12": [
        47.664405, 
        -122.300913, 
        "WAZE"
    ], 
    "13": [
        47.664271, 
        -122.300912, 
        "WAZE"
    ], 
    "14": [
        47.663296270993, 
        -122.30088734616, 
        "WAZE"
    ], 
    "15": [
        47.66314264299, 
        -122.30088919933, 
        "WAZE"
    ], 
    "16": [
        47.66257077679575, 
        -122.30089609751536, 
        "WAZE"
    ], 
    "17": [
        47.6613893452266, 
        -122.30090291458343, 
        "WAZE"
    ], 
    "18": [
        47.66107735158299, 
        -122.3009047148159, 
        "WAZE"
    ], 
    "19": [
        47.66050800000001, 
        -122.300908, 
        "WAZE"
    ], 
    "20": [
        47.660444, 
        -122.30132, 
        "WAZE"
    ], 
    "21": [
        47.658147, 
        -122.302704, 
        "WAZE"
    ], 
    "22": [
        47.6576405303526, 
        -122.30353868764824, 
        "WAZE"
    ], 
    "23": [
        47.65736267963692, 
        -122.30463497668649, 
        "WAZE"
    ], 
    "24": [
        47.655015, 
        -122.30462400000002, 
        "WAZE"
    ]
}