{
    "1": [
        47.663019, 
        -122.303011, 
        8.072419773913044, 
        "WAZE"
    ], 
    "2": [
        47.66316, 
        -122.30306, 
        "n/a", 
        "google"
    ], 
    "3": [
        47.66317, 
        -122.30306, 
        "n/a", 
        "google"
    ], 
    "4": [
        47.66376, 
        -122.30324, 
        "n/a", 
        "google"
    ], 
    "5": [
        47.66394, 
        -122.30329, 
        "n/a", 
        "google"
    ], 
    "6": [
        47.664, 
        -122.30331, 
        "n/a", 
        "google"
    ], 
    "7": [
        47.66417, 
        -122.30337, 
        "n/a", 
        "google"
    ], 
    "8": [
        47.6644, 
        -122.30343, 
        "n/a", 
        "google"
    ], 
    "9": [
        47.66445, 
        -122.30344, 
        "n/a", 
        "google"
    ], 
    "10": [
        47.66449, 
        -122.30344, 
        "n/a", 
        "google"
    ], 
    "11": [
        47.66473, 
        -122.30343, 
        "n/a", 
        "google"
    ], 
    "12": [
        47.66488, 
        -122.30342, 
        "n/a", 
        "google"
    ], 
    "13": [
        47.66505, 
        -122.30343, 
        "n/a", 
        "google"
    ], 
    "14": [
        47.66529, 
        -122.30342, 
        "n/a", 
        "google"
    ], 
    "15": [
        47.66547, 
        -122.30342, 
        "n/a", 
        "google"
    ], 
    "16": [
        47.66554, 
        -122.30341, 
        "n/a", 
        "google"
    ], 
    "17": [
        47.66573, 
        -122.30343, 
        "n/a", 
        "google"
    ], 
    "18": [
        47.665737, 
        -122.303437, 
        13.70123055, 
        "WAZE"
    ], 
    "19": [
        47.66573, 
        -122.30267, 
        "n/a", 
        "google"
    ], 
    "20": [
        47.66573, 
        -122.3022, 
        "n/a", 
        "google"
    ], 
    "21": [
        47.665724999999995, 
        -122.302128, 
        21.2508882, 
        "WAZE"
    ], 
    "22": [
        47.66587, 
        -122.30199, 
        "n/a", 
        "google"
    ], 
    "23": [
        47.665839, 
        -122.301943, 
        5.6210176615384615, 
        "WAZE"
    ], 
    "24": [
        47.6659, 
        -122.30194, 
        "n/a", 
        "google"
    ], 
    "25": [
        47.66628, 
        -122.30107, 
        "n/a", 
        "google"
    ], 
    "26": [
        47.66628, 
        -122.30107, 
        "n/a", 
        "google"
    ], 
    "27": [
        47.66629, 
        -122.30081, 
        "n/a", 
        "google"
    ], 
    "28": [
        47.666265094926686, 
        -122.30081020122343, 
        7.829274600000001, 
        "WAZE"
    ], 
    "29": [
        47.66629, 
        -122.30063, 
        "n/a", 
        "google"
    ], 
    "30": [
        47.6662803537856, 
        -122.30062879877666, 
        41.3833086, 
        "WAZE"
    ], 
    "31": [
        47.66617, 
        -122.3006, 
        "n/a", 
        "google"
    ], 
    "32": [
        47.66594, 
        -122.3006, 
        "n/a", 
        "google"
    ], 
    "33": [
        47.66594331549367, 
        -122.30061530459261, 
        22.369355999999996, 
        "WAZE"
    ], 
    "34": [
        47.66589, 
        -122.3006, 
        "n/a", 
        "google"
    ], 
    "35": [
        47.66569, 
        -122.30062, 
        "n/a", 
        "google"
    ], 
    "36": [
        47.66568, 
        -122.30063, 
        "n/a", 
        "google"
    ], 
    "37": [
        47.66567603246302, 
        -122.30062728830998, 
        16.777016999999997, 
        "WAZE"
    ], 
    "38": [
        47.66554, 
        -122.30065, 
        "n/a", 
        "google"
    ], 
    "39": [
        47.66553870557634, 
        -122.30066245979397, 
        25.724759400000003, 
        "WAZE"
    ], 
    "40": [
        47.66495, 
        -122.30081, 
        "n/a", 
        "google"
    ], 
    "41": [
        47.66492872783888, 
        -122.3008186831612, 
        22.369356, 
        "WAZE"
    ], 
    "42": [
        47.66489, 
        -122.30083, 
        "n/a", 
        "google"
    ], 
    "43": [
        47.66484, 
        -122.30085, 
        "n/a", 
        "google"
    ], 
    "44": [
        47.66484129038087, 
        -122.30084107690121, 
        21.92196888, 
        "WAZE"
    ], 
    "45": [
        47.66474, 
        -122.30088, 
        "n/a", 
        "google"
    ], 
    "46": [
        47.66466, 
        -122.3009, 
        "n/a", 
        "google"
    ], 
    "47": [
        47.66442, 
        -122.30094, 
        "n/a", 
        "google"
    ], 
    "48": [
        47.664405, 
        -122.300913, 
        16.777016999999997, 
        "WAZE"
    ], 
    "49": [
        47.66428, 
        -122.30093, 
        "n/a", 
        "google"
    ], 
    "50": [
        47.664271, 
        -122.300912, 
        8.33065671724138, 
        "WAZE"
    ], 
    "51": [
        47.66408, 
        -122.30092, 
        "n/a", 
        "google"
    ], 
    "52": [
        47.66378, 
        -122.30092, 
        "n/a", 
        "google"
    ], 
    "53": [
        47.6636, 
        -122.30092, 
        "n/a", 
        "google"
    ], 
    "54": [
        47.66329, 
        -122.30092, 
        "n/a", 
        "google"
    ], 
    "55": [
        47.66329, 
        -122.30092, 
        "n/a", 
        "google"
    ], 
    "56": [
        47.66329, 
        -122.30089, 
        "n/a", 
        "google"
    ], 
    "57": [
        47.663296270993, 
        -122.30088734616, 
        19.013952600000003, 
        "WAZE"
    ], 
    "58": [
        47.66329, 
        -122.30092, 
        "n/a", 
        "google"
    ], 
    "59": [
        47.66329, 
        -122.30092, 
        "n/a", 
        "google"
    ], 
    "60": [
        47.66325, 
        -122.30092, 
        "n/a", 
        "google"
    ], 
    "61": [
        47.66314, 
        -122.30092, 
        "n/a", 
        "google"
    ], 
    "62": [
        47.66314264299, 
        -122.30088919933, 
        28.632775679999998, 
        "WAZE"
    ], 
    "63": [
        47.6626, 
        -122.30092, 
        "n/a", 
        "google"
    ], 
    "64": [
        47.66257, 
        -122.30092, 
        "n/a", 
        "google"
    ], 
    "65": [
        47.66257077679575, 
        -122.30089609751536, 
        26.639869418181817, 
        "WAZE"
    ], 
    "66": [
        47.66252, 
        -122.30092, 
        "n/a", 
        "google"
    ], 
    "67": [
        47.66207, 
        -122.30091, 
        "n/a", 
        "google"
    ], 
    "68": [
        47.66177, 
        -122.30091, 
        "n/a", 
        "google"
    ], 
    "69": [
        47.66138, 
        -122.30091, 
        "n/a", 
        "google"
    ], 
    "70": [
        47.6613893452266, 
        -122.30090291458343, 
        39.146373000000004, 
        "WAZE"
    ], 
    "71": [
        47.66108, 
        -122.30091, 
        "n/a", 
        "google"
    ], 
    "72": [
        47.66107735158299, 
        -122.3009047148159, 
        15.6585492, 
        "WAZE"
    ], 
    "73": [
        47.66092, 
        -122.30091, 
        "n/a", 
        "google"
    ], 
    "74": [
        47.66064, 
        -122.30092, 
        "n/a", 
        "google"
    ], 
    "75": [
        47.6605, 
        -122.30097, 
        "n/a", 
        "google"
    ], 
    "76": [
        47.6605, 
        -122.30091, 
        "n/a", 
        "google"
    ], 
    "77": [
        47.66050800000001, 
        -122.300908, 
        17.895484800000002, 
        "WAZE"
    ], 
    "78": [
        47.6605, 
        -122.30097, 
        "n/a", 
        "google"
    ], 
    "79": [
        47.66049, 
        -122.30107, 
        "n/a", 
        "google"
    ], 
    "80": [
        47.66048, 
        -122.30112, 
        "n/a", 
        "google"
    ], 
    "81": [
        47.66048, 
        -122.30117, 
        "n/a", 
        "google"
    ], 
    "82": [
        47.66046, 
        -122.30121, 
        "n/a", 
        "google"
    ],