{
    "1": {
        "distance": 0.154721379, 
        "distance_from_start": 0.154721379, 
        "location": [
            47.663019, 
            -122.303011
        ], 
        "speed": 11.604103424999998, 
        "time": 48
    }, 
    "2": {
        "distance": 0.060894358, 
        "distance_from_start": 0.21561573699999997, 
        "location": [
            47.665737, 
            -122.303437
        ], 
        "speed": 9.964531309090908, 
        "time": 22
    }, 
    "3": {
        "distance": 0.011806048999999999, 
        "distance_from_start": 0.227421786, 
        "location": [
            47.665724999999995, 
            -122.302128
        ], 
        "speed": 14.167258799999997, 
        "time": 3
    }, 
    "4": {
        "distance": 0.060894358, 
        "distance_from_start": 0.288316144, 
        "location": [
            47.665839, 
            -122.301943
        ], 
        "speed": 6.26341968, 
        "time": 35
    }, 
    "5": {
        "distance": 0.008699194, 
        "distance_from_start": 0.297015338, 
        "location": [
            47.666265094926686, 
            -122.30081020122343
        ], 
        "speed": 10.4390328, 
        "time": 3
    }, 
    "6": {
        "distance": 0.022990727, 
        "distance_from_start": 0.320006065, 
        "location": [
            47.6662803537856, 
            -122.30062879877666
        ], 
        "speed": 20.6916543, 
        "time": 4
    }, 
    "7": {
        "distance": 0.01864113, 
        "distance_from_start": 0.338647195, 
        "location": [
            47.66594331549367, 
            -122.30061530459261
        ], 
        "speed": 22.369355999999996, 
        "time": 3
    }, 
    "8": {
        "distance": 0.009320565, 
        "distance_from_start": 0.34796776, 
        "location": [
            47.66567603246302, 
            -122.30062728830998
        ], 
        "speed": 33.554033999999994, 
        "time": 1
    }, 
    "9": {
        "distance": 0.042874599000000006, 
        "distance_from_start": 0.39084235900000003, 
        "location": [
            47.66553870557634, 
            -122.30066245979397
        ], 
        "speed": 30.869711280000004, 
        "time": 5
    }, 
    "10": {
        "distance": 0.00621371, 
        "distance_from_start": 0.397056069, 
        "location": [
            47.66492872783888, 
            -122.3008186831612
        ], 
        "speed": 22.369356, 
        "time": 1
    }, 
    "11": {
        "distance": 0.030447179, 
        "distance_from_start": 0.42750324799999995, 
        "location": [
            47.66484129038087, 
            -122.30084107690121
        ], 
        "speed": 36.5366148, 
        "time": 3
    }, 
    "12": {
        "distance": 0.009320565, 
        "distance_from_start": 0.436823813, 
        "location": [
            47.664405, 
            -122.300913
        ], 
        "speed": 33.554033999999994, 
        "time": 1
    }, 
    "13": {
        "distance": 0.067108068, 
        "distance_from_start": 0.5039318810000001, 
        "location": [
            47.664271, 
            -122.300912
        ], 
        "speed": 30.1986306, 
        "time": 8
    }, 
    "14": {
        "distance": 0.010563307000000001, 
        "distance_from_start": 0.5144951879999999, 
        "location": [
            47.663296270993, 
            -122.30088734616
        ], 
        "speed": 19.013952600000003, 
        "time": 2
    }, 
    "15": {
        "distance": 0.039767744, 
        "distance_from_start": 0.554262932, 
        "location": [
            47.66314264299, 
            -122.30088919933
        ], 
        "speed": 35.790969600000004, 
        "time": 4
    }, 
    "16": {
        "distance": 0.081399601, 
        "distance_from_start": 0.635662533, 
        "location": [
            47.66257077679575, 
            -122.30089609751536
        ], 
        "speed": 29.30385636, 
        "time": 10
    }, 
    "17": {
        "distance": 0.021747985, 
        "distance_from_start": 0.657410518, 
        "location": [
            47.6613893452266, 
            -122.30090291458343
        ], 
        "speed": 39.146373000000004, 
        "time": 2
    }, 
    "18": {
        "distance": 0.039146373, 
        "distance_from_start": 0.696556891, 
        "location": [
            47.66107735158299, 
            -122.3009047148159
        ], 
        "speed": 17.61586785, 
        "time": 8
    }, 
    "19": {
        "distance": 0.019883872, 
        "distance_from_start": 0.716440763, 
        "location": [
            47.66050800000001, 
            -122.300908
        ], 
        "speed": 8.947742400000001, 
        "time": 8
    }, 
    "20": {
        "distance": 0.178954848, 
        "distance_from_start": 0.8953956110000001, 
        "location": [
            47.660444, 
            -122.30132
        ], 
        "speed": 17.8954848, 
        "time": 36
    }, 
    "21": {
        "distance": 0.05343790599999999, 
        "distance_from_start": 0.948833517, 
        "location": [
            47.658147, 
            -122.302704
        ], 
        "speed": 17.488769236363634, 
        "time": 11
    }, 
    "22": {
        "distance": 0.055923389999999996, 
        "distance_from_start": 1.004756907, 
        "location": [
            47.6576405303526, 
            -122.30353868764824
        ], 
        "speed": 14.380300285714286, 
        "time": 14
    }, 
    "23": {
        "distance": 0.164663315, 
        "distance_from_start": 1.1694202219999998, 
        "location": [
            47.65736267963692, 
            -122.30463497668649
        ], 
        "speed": 13.1730652, 
        "time": 45
    }, 
    "24": {
        "distance": 0.024233469, 
        "distance_from_start": 1.193653691, 
        "location": [
            47.655015, 
            -122.30462400000002
        ], 
        "speed": 21.8101221, 
        "time": 4
    }, 
    "lats": [
        47.663019, 
        47.665737, 
        47.665724999999995, 
        47.665839, 
        47.666265094926686, 
        47.6662803537856, 
        47.66594331549367, 
        47.66567603246302, 
        47.66553870557634, 
        47.66492872783888, 
        47.66484129038087, 
        47.664405, 
        47.664271, 
        47.663296270993, 
        47.66314264299, 
        47.66257077679575, 
        47.6613893452266, 
        47.66107735158299, 
        47.66050800000001, 
        47.660444, 
        47.658147, 
        47.6576405303526, 
        47.65736267963692, 
        47.655015
    ], 
    "lons": [
        -122.303011, 
        -122.303437, 
        -122.302128, 
        -122.301943, 
        -122.30081020122343, 
        -122.30062879877666, 
        -122.30061530459261, 
        -122.30062728830998, 
        -122.30066245979397, 
        -122.3008186831612, 
        -122.30084107690121, 
        -122.300913, 
        -122.300912, 
        -122.30088734616, 
        -122.30088919933, 
        -122.30089609751536, 
        -122.30090291458343, 
        -122.3009047148159, 
        -122.300908, 
        -122.30132, 
        -122.302704, 
        -122.30353868764824, 
        -122.30463497668649, 
        -122.30462400000002
    ], 
    "node_count": 24, 
    "total_distance": 1.193653691, 
    "total_time": 281
}